question,answer
What is Artificial Intelligence?,"Artificial Intelligence (AI) refers to the development of computer systems capable of performing tasks that typically require human intelligence. These tasks include understanding natural language, recognizing patterns, learning from experience, reasoning, problem-solving, and adapting to new situations."
What is Machine Learning?,"Machine Learning (ML) is a subset of artificial intelligence (AI) that focuses on the development of algorithms and models that enable computers to learn from and make predictions or decisions based on data, without being explicitly programmed to perform specific tasks."
What is Deep Learning?,"Deep learning is a subset of machine learning that focuses on the development and training of artificial neural networks with many layers (hence the term ""deep""). These neural networks are composed of interconnected layers of nodes (neurons) that process and transform input data to generate output predictions or decisions."
What are the types of Machine Learning?,"Machine learning can be broadly categorized into three main types, based on the nature of the learning process and the availability of labeled data: Supervised Learning, Unsupervised Learning and Reinforcement Learning."
What is supervised Machine Learning?,"Supervised machine learning is a type of machine learning where the algorithm learns from labeled data, meaning that each training example consists of both input data and the corresponding correct output (or target). The goal of supervised learning is to learn a mapping from input features to output labels based on the provided examples."
What is unsupervised Machine Learning?,"Unsupervised machine learning is a type of machine learning where the algorithm learns from unlabeled data, meaning that no explicit output labels or targets are provided. Instead, the algorithm seeks to discover hidden patterns, structures, or relationships within the data on its own. "
What are the different phases in supervised Machine Learning?,"In supervised machine learning, the process typically involves several distinct phases, each of which plays a crucial role in developing and deploying effective models.These phases are, Data Collection, Data Preprocessing, Data Splitting, Model Selection, Model Training, Model Evaluation Hyperparameter Tuning and Model Deployment."
How do we partition the data in supervised Machine Learning?,"In supervised machine learning, data partitioning refers to the process of splitting the available dataset into separate subsets for training, validation, and testing purposes. Proper data partitioning is crucial for evaluating the performance of machine learning models and ensuring that they generalize well to unseen data."
What is a Neural Network?,"A neural network is a computational model inspired by the structure and function of biological neural networks in the human brain. It consists of interconnected nodes, called neurons or units, organized into layers. Neural networks are a fundamental component of deep learning, a subset of machine learning."
What are the different components of a Neural Network?,"A neural network consists of several key components, each of which plays a specific role in processing input data, learning from examples, and generating output predictions. These components include: Neurons (or Nodes), Weights and Biases, Layers, Activation Functions Loss Function and Optimization Algorithm."
Why is the Error Function needed in a Neural Network?,"The error function, also known as the loss function or objective function, plays a crucial role in training a neural network. It serves as a measure of how well the network's predictions match the true labels or targets in the training data. The error function quantifies the disparity between the predicted outputs of the network and the actual outputs, providing feedback that guides the optimization process during training."
What is the definition of Deep Learning?,"Deep learning is a subfield of machine learning that focuses on the development and training of artificial neural networks with multiple layers (hence the term ""deep""). It aims to model and learn complex patterns and representations of data through the hierarchical structure of deep neural networks."
How does Deep Learning relate to Neural Networks?,"Deep learning is closely related to neural networks, as it represents a specific approach to training and using neural networks to model and learn complex patterns from data."
How does Multi-Layer Perceptron fit into Neural Networks?,"A Multi-Layer Perceptron (MLP) is a type of artificial neural network that consists of multiple layers of interconnected neurons, including an input layer, one or more hidden layers, and an output layer. It is one of the most basic and widely used architectures in neural network modeling."
What are the common architectures of a Neural Network?,"Neural networks can take various architectures, each designed to address specific types of tasks, data, or constraints. Some common architectures include: Feedforward Neural Networks (FNN), Convolutional Neural Networks (CNN), Recurrent Neural Networks (RNN), Autoencoder."
What is a Latent Representation?,"A latent representation, in the context of machine learning and neural networks, refers to a compressed, low-dimensional representation of data that captures essential features or patterns in the input space. It is a hidden or intermediate representation learned by the model during the training process, often in an unsupervised or self-supervised manner."
What is Binary Classification?,"Binary classification is a type of supervised learning task in machine learning where the goal is to classify input data into one of two distinct classes or categories. In binary classification, each data instance belongs to one of two mutually exclusive classes, often referred to as the positive class (denoted as class 1) and the negative class (denoted as class 0)."
What are the different User Identification Applications?,"User identification applications refer to systems or methods that aim to identify or authenticate users based on their unique characteristics, behaviors, or credentials.These applications are crucial for ensuring security, personalization, and access control in various domains. Here are some common user identification applications: Authentication Systems, Access Control Systems, Identity Verification, User Profiling and Personalization."
What is the difference between Verification and Recognition in User Identification?,"In the context of user identification, verification and recognition are two distinct processes that serve different purposes.Verification, also known as authentication, refers to the process of confirming whether a user is who they claim to be. It involves comparing the presented identity credentials (such as passwords, PINs, biometric samples, or security tokens) provided by the user with stored reference data (e.g., password hashes, biometric templates) associated with the user's identity. Recognition, on the other hand, involves identifying or classifying individuals based on their unique characteristics or features without requiring them to provide explicit identity credentials."
How does learning work in a User Identification Algorithm?,"Learning in a user identification algorithm typically involves training a model to recognize or verify the identity of users based on their characteristics, behaviors, or credentials. The learning process typically follows these steps: Data Collection, Feature Extraction, Model Selection, Training, Evaluation, Fine-Tuning and Optimization and Deployment."
What are the different variations to overcome in facial recognition?,"Facial recognition technology has made significant advancements in recent years, but it still faces several challenges and variations that can affect its performance. Some of the key variations to overcome in facial recognition include: Illumination Variations, Pose Variations, Expression Variations, Occlusions, Aging, Ethnic and Cultural Diversity, Environmental Factors and Privacy and Ethical Concerns."
What are the different levels in finger-print recognition?,"Fingerprint recognition, also known as fingerprint biometrics, involves the identification or verification of individuals based on the unique patterns and characteristics present in their fingerprints. Fingerprint recognition systems typically operate at different levels of analysis and processing to extract, match, and identify fingerprints. The different levels in fingerprint recognition include: Image Acquisition, Preprocessing, Feature Extraction, Feature Matching, Template Generation and Matching and Decision Making."
What are the two main approaches used in speaker verification?,"In speaker verification, the goal is to verify the identity of an individual based on their voice or speech characteristics. There are two main approaches used in speaker verification: Text-dependent speaker verification and Text-independent speaker verification."
What is the difference between Text-dependent and Text-independent verification?,"Text-dependent speaker verification requires the individual to speak a predefined passphrase or utterance during both enrollment (registration) and verification phases. Text-independent speaker verification does not require the individual to speak a specific passphrase during enrollment or verification. Instead, the system verifies the identity of the speaker based on their voice characteristics without prior knowledge of the spoken content."
What is a wake word in a virtual assistance system?,"A wake word, also known as a trigger word or hotword, is a specific phrase or word that activates a virtual assistant or voice-controlled device, prompting it to start listening for user commands or queries. When a wake word is detected, the device begins recording audio and processing subsequent speech input, allowing users to interact with the virtual assistant hands-free."
Give me examples of current wake words used in virtual assistants?,"Common examples of wake words used in popular virtual assistant systems include: ""Hey Siri"" - Used to activate Apple's Siri. ""OK Google"" or ""Hey Google"" - Used to activate Google Assistant. ""Alexa"" - Used to activate Amazon's Alexa. ""Hey Cortana"" - Used to activate Microsoft's Cortana."
What are the qualities of a good wake word?,"The qualities of a good wake word are essential for ensuring an effective and user-friendly interaction experience with virtual assistant systems. Here are some key qualities that make a wake word effective: Distinctiveness, Recognizability, Simplicity, Cultural Neutrality, Non-Intrusiveness, Phonetic Stability, Brand Alignment and Scalability."
How to evaluate the performance wake word detection in a virtual assistant?,"Evaluating the performance of wake word detection in a virtual assistant involves assessing the accuracy, robustness, and efficiency of the system in recognizing and responding to user-initiated wake words. Here are several key metrics and methods commonly used to evaluate wake word detection performance: Accuracy, False Acceptance Rate (FAR), False Rejection Rate (FRR), Detection Latency, Recognition Threshold, Robustness and User Experience."
What is ASR system in speech recognition?,"An ASR (Automatic Speech Recognition) system, also known as speech-to-text or voice recognition system, is a technology that converts spoken language into text. It is a key component of natural language processing (NLP) systems and enables computers to understand and interpret human speech."
What are the different components of an ASR system?,"ASR systems typically consist of the following components: Acoustic Model responsible for converting the acoustic signal of the spoken speech into a sequence of phonemes or basic sound units. Language Model captures the syntactic and semantic structure of language and helps predict the sequence of words or phrases that are likely to occur in a given context. Pronunciation Model maps phonemes to their corresponding words or lexical units and provides information about how words are pronounced. Decoder combines information from the acoustic model, language model, and pronunciation model to generate the most likely transcription or interpretation of the input speech signal."
Can you explain how speech recognition systems are trained?,"Training a speech recognition system involves teaching the system to recognize patterns in speech data and associate them with corresponding textual transcriptions. The training process for speech recognition systems include: Data Collection, Data Preprocessing, Annotation, Model Selection, Model Training, Evaluation, Optimization and Tuning."
How to evaluate the accuracy of speech recognition models?,"The accuracy of speech recognition models is typically evaluated using various metrics that quantify the agreement between the predicted transcriptions generated by the model and the ground truth transcriptions provided in the dataset. Here are some commonly used metrics for evaluating the accuracy of speech recognition models: Word Error Rate (WER), Phoneme Error Rate (PER), Character Error Rate (CER), Accuracy, Word-Level Precision, Recall, and F1 Score and Sentence-Level Accuracy."
Explain Word Error Rate (WER) evaluation in the ASR system?,"Word Error Rate (WER) is a commonly used metric for evaluating the performance of automatic speech recognition (ASR) systems. WER measures the rate of errors in the recognized transcriptions compared to the ground truth transcriptions, expressed as the percentage of words that are incorrectly recognized, inserted, deleted, or substituted. WER provides a comprehensive assessment of the overall accuracy of the ASR system in converting spoken language into text."
What is a transformer in a neural network?,"A transformer is a type of deep learning architecture that has gained significant popularity, particularly in natural language processing (NLP) tasks, due to its ability to handle long-range dependencies and parallelize computations efficiently. Introduced in the paper ""Attention is All You Need"" by Vaswani et al. in 2017, transformers have become a cornerstone in modern NLP models."
What are the key components of a transformer network?,"The key components of a transformer network include: Self-Attention Mechanism that allows the model to weigh the importance of different words in the input sequence concerning each other. Multi-Head Attention that extends self-attention by performing multiple attention computations in parallel, allowing the model to attend to different parts of the input sequence simultaneously. Positional Encoding is added to the input embeddings to provide information about the position of each word in the sequence. Feed-Forward Neural Networks (FFNN) to process the attended representations and generate context-aware features. Layer Normalization and Residual Connections are used to stabilize training and facilitate the flow of gradients through the network."
How does the self-attention mechanism work in a transformer network?,The attention mechanism in a Transformer network is different from other types of attention mechanisms in neural networks because it uses self-attention. This allows the network to attend to all other tokens in the input sequence simultaneously. 
What are some common techniques for training Transformer networks?,"Training transformer networks involves optimizing their parameters to minimize a loss function, typically using stochastic gradient descent (SGD) or its variants. Several techniques have been developed to enhance the training of transformer networks and improve their performance. Some common techniques include: Learning Rate Scheduling, Batch Size and Batch Normalization, Regularization Techniques and Gradient Clipping."
How does positional encoding work in a Transformer network?,"Positional encoding is a crucial component in transformer networks, as transformers do not inherently encode sequential order like recurrent neural networks (RNNs) or convolutional neural networks (CNNs). Positional encoding provides the model with information about the relative or absolute positions of tokens in the input sequence, allowing the model to learn dependencies based on their positions."
"How does the Transformer architecture compare to other types of neural network architectures, such as RNNs or CNNs?","The Transformer architecture is designed specifically for processing sequential data, such as text or time-series data. Compared to other types of neural network architectures, such as RNNs or CNNs, the Transformer has several advantages, including capturing long-range dependencies, parallelising processing across the input sequence, and the ability to process variable-length input sequences. However, the Transformer may not be as effective for tasks that require modeling spatial relationships, such as image processing tasks."
What is intent detection?,"Intent detection, also known as intent recognition or intent classification, is a natural language processing (NLP) task that involves identifying the intention or purpose underlying a user's input or utterance. In the context of conversational systems such as chatbots, virtual assistants, or voice-activated interfaces, intent detection aims to understand what the user wants to accomplish or communicate based on their spoken or written input."
What is data augmentation in NLP?,"Data augmentation is a technique used to artificially increase the size and diversity of a dataset by applying various transformations or modifications to the original data samples. The goal of data augmentation is to improve the generalization, robustness, and performance of machine learning models by exposing them to a broader range of variations and scenarios that they might encounter in real-world situations."
Why is language input challenging?,"Language input presents several challenges for natural language processing (NLP) systems due to its inherent complexity, ambiguity, and variability. Some of the key reasons why language input is challenging include: Ambiguity and Polysemy, Syntax and Grammar, Variability and Informality, Context Sensitivity, Ambiguous Referents and Anaphora, Lexical Gaps and Out-of-Vocabulary Words, Irony, Sarcasm, and Figurative Language and Noise, Errors, and Ambiguity."
What is the primary objective of fulfillment or answer generation in AI-based virtual assistants?,"The primary objective of fulfillment or answer generation is to provide accurate, relevant, and helpful responses to user queries or requests within virtual assistant applications."
How do AI-based virtual assistants generate responses for user queries?,"AI-based virtual assistants utilize various techniques such as natural language processing (NLP), machine learning algorithms, and access to structured databases or knowledge graphs to understand user queries and generate appropriate responses."
Can you explain the process of answer generation in AI-based virtual assistants?,"The process typically involves several steps including:Understanding the query: The virtual assistant analyzes the user's input using NLP to comprehend the intent and context of the query.Data retrieval: It accesses relevant information from its knowledge base, databases, or external sources. Information synthesis: It processes and combines retrieved information to form a coherent response. Response generation: Finally, it generates a response in natural language that best addresses the user's query or request."
What are some challenges faced in fulfillment or answer generation for virtual assistants?,Some challenges include: Ambiguity: Understanding ambiguous queries or requests accurately. Variability: Handling diverse user inputs and preferences. Context awareness: Incorporating context from previous interactions to provide more personalized responses. Accuracy: Ensuring the generated responses are correct and up-to-date. Naturalness: Generating responses that sound natural and human-like.
 How do AI-based virtual assistants ensure the accuracy of generated responses?,"Virtual assistants employ techniques like data validation, fact-checking against trusted sources, and continuous learning from user interactions to improve response accuracy over time."
What role does machine learning play in answer generation for virtual assistants?,"Machine learning algorithms are crucial for various tasks within answer generation, including language understanding, information retrieval, response ranking, and personalization based on user feedback."
How do virtual assistants handle situations where they cannot provide a definitive answer?,"In such cases, virtual assistants may: Offer alternative suggestions or resources. Ask clarifying questions to narrow down the user's intent. Inform the user that the information is unavailable or beyond their capabilities. Escalate the query to a human operator if necessary."
What is the purpose of Introduction / Scenarios under fulfillment in AI-based virtual assistants?,Introduction / Scenarios under fulfillment serve as initial interactions or scripted dialogues that guide users through the capabilities of the virtual assistant.
 How do Introduction / Scenarios aid in user engagement with AI-based virtual assistants?,Introduction / Scenarios help in providing a smooth onboarding experience for users by explaining the functionalities and guiding them on how to interact with the virtual assistant effectively.
What are some common scenarios addressed in Introduction sections of AI-based virtual assistants?,"Common scenarios include greeting the user, explaining the assistant's capabilities, offering assistance with common tasks, and providing instructions on how to get started."
 How are scenarios structured within the fulfillment process of AI-based virtual assistants?,"Scenarios are typically structured as scripted dialogues or sequential interactions that are triggered based on user inputs or specific events, guiding users through predefined paths to fulfill their requests or provide information."
Can Introduction / Scenarios be personalized for individual users in AI-based virtual assistants?,"Yes, Introduction / Scenarios can be personalized based on user preferences, historical interactions, or demographic information to tailor the experience and provide relevant guidance to each user."
What role does natural language understanding play in Introduction / Scenarios under fulfillment in AI-based virtual assistants?,"Natural language understanding enables virtual assistants to interpret user inputs and respond appropriately within the context of Introduction / Scenarios, facilitating seamless interaction and understanding of user intents."
How do Introduction / Scenarios contribute to the overall user experience of AI-based virtual assistants?,"Introduction / Scenarios play a crucial role in shaping the initial impression of the virtual assistant and guiding users towards successful interactions, thereby enhancing the overall user experience and fostering user engagement."
Are there any challenges associated with designing and implementing Introduction / Scenarios in AI-based virtual assistants?,
What are skill-based information requests?,"Skill-based information requests refer to inquiries made to AI-based virtual assistants that require specialized knowledge or expertise in a particular area or skillset to provide accurate and relevant responses. These queries typically pertain to specific domains such as technology, medicine, finance, or any other field where expertise is necessary for generating informative answers."
How do AI-based virtual assistants handle skill-based information requests?,"AI-based virtual assistants handle skill-based information requests by leveraging their knowledge base and understanding of various domains. They use advanced algorithms and natural language processing techniques to interpret the query, identify the relevant skill or expertise needed, and retrieve or generate accurate responses based on that expertise."
Can you provide examples of skill-based information requests?,"Certainly! Examples of skill-based information requests include: ""What are the latest advancements in artificial intelligence research?"", ""How can I optimize my website's search engine ranking?"", ""What are the potential side effects of a particular medication?"", ""Can you explain the concept of blockchain technology and its applications?"", ""How do I create a budget for my small business?"", ""What are the best practices for network security in a corporate environment?"", ""Can you recommend strategies for sustainable investing?"""
How do AI-based virtual assistants ensure accuracy and reliability in responses to skill-based information requests?,"AI-based virtual assistants ensure accuracy and reliability by continuously learning from vast amounts of data, including reputable sources and expert-curated content. They employ fact-checking mechanisms, cross-referencing information from multiple sources, and updating their knowledge base regularly to provide users with the most current and reliable answers to skill-based queries."
What measures can be taken to improve the effectiveness of AI-based virtual assistants in handling skill-based information requests?,"To enhance the effectiveness of AI-based virtual assistants in handling skill-based information requests, several measures can be implemented: Regularly updating and expanding the knowledge base with the latest information and expertise. Implementing advanced algorithms for context understanding and inference to provide more personalized and accurate responses. Incorporating feedback mechanisms to learn from user interactions and improve response quality over time. Collaborating with subject matter experts to verify and validate information across various domains. Offering users the option to specify the level of expertise desired in responses to tailor the assistance accordingly. Providing transparent sources for information and enabling users to verify the credibility of responses."